id,username,firstName,lastName,email,password,phone,userStatus
1,adunseath0,Amandy,Dunseath,adunseath0@umich.edu,fgj39SB,7919804841,75
2,gmerryman1,Godfree,Merryman,gmerryman1@huffingtonpost.com,ob3UeENkWs,6565683292,21
3,plandrick2,Porty,Landrick,plandrick2@goo.ne.jp,Qedt2ISaCY,8493450093,12
4,dgenever3,Dall,Genever,dgenever3@oracle.com,5TbF0RSEHjt,1176006751,85
5,tbeggs4,Thedrick,Beggs,tbeggs4@imdb.com,5RUCzY,5222137472,57
6,ckennicott5,Cordy,Kennicott,ckennicott5@lycos.com,QMaGPJIk5wLw,9344280763,26
7,mberzon6,Michel,Berzon,mberzon6@mapquest.com,mIXCEDAZsvPD,7664931359,72
8,ddavidsen7,Deanne,Davidsen,ddavidsen7@liveinternet.ru,fQi6B5e4CxD,8264084752,2
9,meve8,Morse,Eve,meve8@msn.com,Enakwg4qa,7208426170,56
10,jvawton9,Jonell,Vawton,jvawton9@weather.com,NghtoXbO2,5061555353,46
11,eklementa,Ermin,Klement,eklementa@adobe.com,G81L05N3K9zQ,4069842863,16
12,abarocb,Andria,Baroc,abarocb@yahoo.com,pHrOJPRr,9386947130,34
13,johartaganc,Jillayne,O'Hartagan,johartaganc@indiatimes.com,uw3OqU,5272723044,57
14,cennsd,Courtnay,Enns,cennsd@nbcnews.com,5Es9A1gnIhY,6716837493,6
15,kdarkine,Kinny,Darkin,kdarkine@craigslist.org,WyRTYgQO4,6383988806,87
16,rrintoulf,Richmond,Rintoul,rrintoulf@gmpg.org,hZhZojphBxr,4869680986,34
17,lbrabyng,Lemmie,Brabyn,lbrabyng@jigsy.com,3j08RN,5587762452,59
18,mleonardeh,Marquita,Leonarde,mleonardeh@gov.uk,pfS5iidIoUM,8282370872,30
19,dboultwoodi,Devina,Boultwood,dboultwoodi@over-blog.com,L50KR5,7595134086,65
20,slestorj,Sarina,Lestor,slestorj@over-blog.com,kq3hof,1705223436,25
21,hhartek,Hewitt,Harte,hhartek@state.gov,FOQhlF,8118590132,49
22,ebrabbenl,Emmey,Brabben,ebrabbenl@exblog.jp,wkNRek7dMA,6048724526,15
23,dlanem,Dotti,Lane,dlanem@topsy.com,StJa7EWN,6744407481,87
24,brickardesn,Bibby,Rickardes,brickardesn@comsenz.com,PAXHIbYI1Sq,9643358000,17
25,kwestheado,Kort,Westhead,kwestheado@instagram.com,kfL9Kde,5714038091,47
26,pspeachleyp,Peggy,Speachley,pspeachleyp@jugem.jp,1mfHAN5d8,1328414213,61
27,traltonq,Thomasine,Ralton,traltonq@etsy.com,wZjkKmTq,6612357914,59
28,bphillpottsr,Blinnie,Phillpotts,bphillpottsr@nba.com,x936dz0k,9223637226,77
29,jmulligans,Jandy,Mulligan,jmulligans@barnesandnoble.com,fpIBJadXvUG,3708871107,30
30,shulattt,Shayla,Hulatt,shulattt@e-recht24.de,YTZEWJa0j7,9719797900,4
31,pchapelhowu,Pasquale,Chapelhow,pchapelhowu@scientificamerican.com,ASay22Gn,3578232750,92
32,ppurrierv,Paloma,Purrier,ppurrierv@wunderground.com,4iNquLx,9086596078,84
33,imaystonew,Irvine,Maystone,imaystonew@bloomberg.com,e3QHHipHR,2221887776,43
34,afickenx,Abagael,Ficken,afickenx@sitemeter.com,yZLkL2WW,9143650475,22
35,ddanielouy,Donnie,Danielou,ddanielouy@nih.gov,FsbVqvNBkZvu,8677642853,99
36,mshitliffz,Maximilianus,Shitliff,mshitliffz@tripadvisor.com,aMusZiKc3,1746642959,82
37,rwager10,Rici,Wager,rwager10@github.io,RHUAcQF9g,8983495096,35
38,smceneny11,Salomon,McEneny,smceneny11@ed.gov,Ba4nXK,8885068970,10
39,mdalinder12,Matti,Dalinder,mdalinder12@dyndns.org,6Eq0GAitov,1811480918,1
40,tdejuares13,Trevor,de Juares,tdejuares13@domainmarket.com,yZ7WJz,4466806872,95
41,mdenes14,Merwin,Denes,mdenes14@telegraph.co.uk,fh68XBwDAHGv,3664740982,24
42,gkennifick15,Gusella,Kennifick,gkennifick15@gov.uk,GDHsMD,6621194302,87
43,wblaney16,Wain,Blaney,wblaney16@ovh.net,qscmUm8UK,6324615088,73
44,sgehringer17,Sonni,Gehringer,sgehringer17@twitpic.com,Y5TT1xh,8628563445,9
45,hfabler18,Hedy,Fabler,hfabler18@miitbeian.gov.cn,SbmqF1bTcP,5527854484,77
46,dsteart19,Dolli,Steart,dsteart19@feedburner.com,zG1CWv151O61,7419282404,82
47,acornforth1a,Arlan,Cornforth,acornforth1a@so-net.ne.jp,Yz6MrPxIA0H,2337586666,3
48,sgeffinger1b,Stephen,Geffinger,sgeffinger1b@paypal.com,yTDFZx1y,3181881226,51
49,amaciak1c,Alleyn,Maciak,amaciak1c@tiny.cc,f6TqhkDe9q7,9883125690,66
50,lspurdle1d,Leonidas,Spurdle,lspurdle1d@alibaba.com,LwJJEz,1821238980,60
